1.0	/american_football/football_team/current_roster./sports/sports_team_roster/position	/american_football/football_team/current_roster./sports/sports_team_roster/position	/american_football/football_team/current_roster./sports/sports_team_roster/position
1.0	/american_football/football_team/current_roster./sports/sports_team_roster/position	/sports/sports_position/players./sports/sports_team_roster/position_v	/sports/sports_position/players./sports/sports_team_roster/position_v
1.0	/award/award_category/category_of	/award/award_category/winners./award/award_honor/ceremony	/award/award_category/winners./award/award_honor/ceremony
1.0	/award/award_category/category_of	/time/event/instance_of_recurring_event	/time/event/instance_of_recurring_event
1.0	/award/award_category/disciplines_or_subjects	/award/award_category/winners./award/award_honor/award_winner	/award/award_category/winners./award/award_honor/award_winner
1.0	/award/award_category/disciplines_or_subjects	/education/field_of_study/students_majoring./education/education/student_v	/education/field_of_study/students_majoring./education/education/student_v
1.0	/award/award_category/nominees./award/award_nomination/nominated_for	/award/award_nominee/award_nominations./award/award_nomination/award_v	/award/award_nominee/award_nominations./award/award_nomination/award_v
1.0	/award/award_category/nominees./award/award_nomination/nominated_for	/film/film/prequel
1.0	/award/award_category/winners./award/award_honor/award_winner	/award/award_category/winners./award/award_honor/award_winner	/award/award_category/winners./award/award_honor/award_winner
1.0	/award/award_category/winners./award/award_honor/award_winner	/award/award_winner/awards_won./award/award_honor/award_winner_v	/film/director/film_v
1.0	/award/award_category/winners./award/award_honor/ceremony	/award/award_category/category_of	/award/award_category/category_of
1.0	/award/award_category/winners./award/award_honor/ceremony	/award/award_ceremony/awards_presented./award/award_honor/honored_for_v	/award/award_ceremony/awards_presented./award/award_honor/award_winner_v
1.0	/award/award_category/winners./award/award_honor/ceremony	/award/award_ceremony/awards_presented./award/award_honor/award_winner_v
1.0	/award/award_ceremony/awards_presented./award/award_honor/award_winner	/award/award_ceremony/awards_presented./award/award_honor/honored_for	/award/award_ceremony/awards_presented./award/award_honor/honored_for
1.0	/award/award_ceremony/awards_presented./award/award_honor/award_winner	/award/award_winner/awards_won./award/award_honor/award_winner_v
1.0	/award/award_ceremony/awards_presented./award/award_honor/honored_for	/award/award_ceremony/awards_presented./award/award_honor/honored_for	/award/award_ceremony/awards_presented./award/award_honor/honored_for
1.0	/award/award_ceremony/awards_presented./award/award_honor/honored_for	/award/award_winning_work/awards_won./award/award_honor/award_winner_v	/award/award_winning_work/awards_won./award/award_honor/award_winner_v
1.0	/award/award_nominated_work/award_nominations./award/award_nomination/nominated_for	/film/film/music	/award/award_nominated_work/award_nominations./award/award_nomination/nominated_for_v
1.0	/award/award_nominated_work/award_nominations./award/award_nomination/nominated_for	/award/award_nominated_work/award_nominations./award/award_nomination/nominated_for
1.0	/award/award_nominee/award_nominations./award/award_nomination/award	/organization/organization/child./organization/organization_relationship/child
1.0	/award/award_nominee/award_nominations./award/award_nomination/award	/award/award_category/disciplines_or_subjects_v	/award/award_category/disciplines_or_subjects_v
1.0	/award/award_nominee/award_nominations./award/award_nomination/award_nominee	/award/award_nominee/award_nominations./award/award_nomination/nominated_for	/award/award_nominee/award_nominations./award/award_nomination/award_nominee_v
1.0	/award/award_nominee/award_nominations./award/award_nomination/award_nominee	/award/award_nominee/award_nominations./award/award_nomination/award_nominee_v	/film/film/produced_by
1.0	/award/award_nominee/award_nominations./award/award_nomination/nominated_for	/award/award_nominated_work/award_nominations./award/award_nomination/nominated_for
1.0	/award/award_nominee/award_nominations./award/award_nomination/nominated_for	/award/award_nominee/award_nominations./award/award_nomination/nominated_for	/tv/tv_program/program_creator_v
1.0	/award/award_winner/awards_won./award/award_honor/award_winner	/award/award_winning_work/awards_won./award/award_honor/award_winner_v	/award/award_winner/awards_won./award/award_honor/award_winner_v
1.0	/award/award_winner/awards_won./award/award_honor/award_winner	/award/award_winner/awards_won./award/award_honor/award_winner	/award/award_category/winners./award/award_honor/award_winner
1.0	/award/award_winner/awards_won./award/award_honor/award_winner	/award/award_winner/awards_won./award/award_honor/award_winner_v	/award/award_category/winners./award/award_honor/award_winner
1.0	/award/award_winning_work/awards_won./award/award_honor/award	/award/award_winning_work/awards_won./award/award_honor/award_winner
1.0	/award/award_winning_work/awards_won./award/award_honor/award	/tv/tv_network/programs./tv/tv_network_duration/program_v	/award/award_category/winners./award/award_honor/award_winner_v
1.0	/award/award_winning_work/awards_won./award/award_honor/award_winner	/tv/tv_program/program_creator	/award/award_winning_work/awards_won./award/award_honor/award_winner
1.0	/award/award_winning_work/awards_won./award/award_honor/award_winner	/award/award_winning_work/awards_won./award/award_honor/award_winner	/award/award_winning_work/awards_won./award/award_honor/award_winner
1.0	/award/award_winning_work/awards_won./award/award_honor/award_winner	/base/x2010fifaworldcupsouthafrica/world_cup_squad/current_world_cup_squad./base/x2010fifaworldcupsouthafrica/current_world_cup_squad/current_club_v	/award/award_winning_work/awards_won./award/award_honor/award_winner
1.0	/award/award_winning_work/awards_won./award/award_honor/honored_for	/award/award_winning_work/awards_won./award/award_honor/honored_for_v	/award/award_winning_work/awards_won./award/award_honor/honored_for_v
1.0	/award/award_winning_work/awards_won./award/award_honor/honored_for	/award/award_winning_work/awards_won./award/award_honor/honored_for_v	/award/award_winning_work/awards_won./award/award_honor/honored_for
1.0	/award/award_winning_work/awards_won./award/award_honor/honored_for	/award/award_winning_work/awards_won./award/award_honor/award_winner_v	/award/award_winning_work/awards_won./award/award_honor/honored_for_v
1.0	/award/hall_of_fame/inductees./award/hall_of_fame_induction/inductee	/award/hall_of_fame/inductees./award/hall_of_fame_induction/inductee	/award/hall_of_fame/inductees./award/hall_of_fame_induction/inductee
1.0	/award/hall_of_fame/inductees./award/hall_of_fame_induction/inductee	/celebrities/celebrity/sexual_relationships./celebrities/romantic_relationship/celebrity
1.0	/award/ranked_item/appears_in_ranked_lists./award/ranking/list	/base/popstra/celebrity/friendship./base/popstra/friendship/participant
1.0	/award/ranked_item/appears_in_ranked_lists./award/ranking/list	/award/ranked_item/appears_in_ranked_lists./award/ranking/list	/award/ranked_item/appears_in_ranked_lists./award/ranking/list
1.0	/base/aareas/schema/administrative_area/administrative_area_type	/location/location/adjoin_s./location/adjoining_relationship/adjoins	/location/location/adjoin_s./location/adjoining_relationship/adjoins
1.0	/base/aareas/schema/administrative_area/administrative_area_type	/base/aareas/schema/administrative_area/administrative_area_type	/base/aareas/schema/administrative_area/administrative_area_type
1.0	/base/aareas/schema/administrative_area/administrative_parent	/location/location/contains_v
1.0	/base/aareas/schema/administrative_area/administrative_parent	/base/aareas/schema/administrative_area/administrative_parent	/base/aareas/schema/administrative_area/administrative_parent
1.0	/base/aareas/schema/administrative_area/capital	/location/capital_of_administrative_division/capital_of./location/administrative_division_capital_relationship/administrative_division_v	/base/biblioness/bibs_location/state_v
1.0	/base/aareas/schema/administrative_area/capital	/base/aareas/schema/administrative_area/capital	/base/aareas/schema/administrative_area/capital
1.0	/base/americancomedy/celebrity_impressionist/celebrities_impersonated	/base/americancomedy/celebrity_impressionist/celebrities_impersonated	/base/americancomedy/celebrity_impressionist/celebrities_impersonated
1.0	/base/americancomedy/celebrity_impressionist/celebrities_impersonated	/music/genre/artists
1.0	/base/biblioness/bibs_location/country	/people/person/place_of_birth_v	/base/biblioness/bibs_location/state
1.0	/base/biblioness/bibs_location/country	/people/person/place_of_birth_v	/time/event/locations_v
1.0	/base/biblioness/bibs_location/country	/location/location/adjoin_s./location/adjoining_relationship/adjoins	/people/person/nationality
1.0	/base/biblioness/bibs_location/state	/base/biblioness/bibs_location/country	/base/biblioness/bibs_location/country
1.0	/base/biblioness/bibs_location/state	/people/deceased_person/place_of_death_v	/base/biblioness/bibs_location/country
1.0	/base/biblioness/bibs_location/state	/base/biblioness/bibs_location/country	/location/location/contains_v
1.0	/base/biblioness/bibs_location/state	/people/deceased_person/place_of_death_v	/location/location/contains_v
1.0	/base/biblioness/bibs_location/state	/base/biblioness/bibs_location/state	/organization/organization/headquarters./location/mailing_address/state_province_region
1.0	/base/culturalevent/event/entity_involved	/base/culturalevent/event/entity_involved	/base/culturalevent/event/entity_involved
1.0	/base/culturalevent/event/entity_involved	/base/culturalevent/event/entity_involved	/base/culturalevent/event/entity_involved
1.0	/base/culturalevent/event/entity_involved	/base/x2010fifaworldcupsouthafrica/world_cup_squad/current_world_cup_squad./base/x2010fifaworldcupsouthafrica/current_world_cup_squad/current_club_v	/base/culturalevent/event/entity_involved
1.0	/base/culturalevent/event/entity_involved	/influence/influence_node/influenced_by_v	/base/culturalevent/event/entity_involved
1.0	/base/eating/practicer_of_diet/diet	/film/film_set_designer/film_sets_designed
1.0	/base/eating/practicer_of_diet/diet	/base/eating/practicer_of_diet/diet	/base/eating/practicer_of_diet/diet
1.0	/base/localfood/seasonal_month/produce_available./base/localfood/produce_availability/seasonal_months	/base/localfood/seasonal_month/produce_available./base/localfood/produce_availability/seasonal_months
1.0	/base/localfood/seasonal_month/produce_available./base/localfood/produce_availability/seasonal_months	/base/localfood/seasonal_month/produce_available./base/localfood/produce_availability/seasonal_months_v	/base/localfood/seasonal_month/produce_available./base/localfood/produce_availability/seasonal_months_v
1.0	/base/locations/continents/countries_within	/base/locations/continents/countries_within	/base/locations/continents/countries_within
1.0	/base/locations/continents/countries_within	/location/location/contains_v	/location/location/adjoin_s./location/adjoining_relationship/adjoins_v
1.0	/base/marchmadness/ncaa_basketball_tournament/seeds./base/marchmadness/ncaa_tournament_seed/team	/time/event/locations	/time/event/locations
1.0	/base/marchmadness/ncaa_basketball_tournament/seeds./base/marchmadness/ncaa_tournament_seed/team	/sports/sports_team_location/teams	/sports/sports_team_location/teams
1.0	/base/petbreeds/city_with_dogs/top_breeds./base/petbreeds/dog_city_relationship/dog_breed	/film/film/prequel_v
1.0	/base/petbreeds/city_with_dogs/top_breeds./base/petbreeds/dog_city_relationship/dog_breed	/film/film/prequel
1.0	/base/popstra/celebrity/breakup./base/popstra/breakup/participant	/celebrities/celebrity/sexual_relationships./celebrities/romantic_relationship/celebrity_v	/celebrities/celebrity/sexual_relationships./celebrities/romantic_relationship/celebrity_v
1.0	/base/popstra/celebrity/breakup./base/popstra/breakup/participant	/people/person/spouse_s./people/marriage/spouse	/government/legislative_session/members./government/government_position_held/district_represented
1.0	/base/popstra/celebrity/canoodled./base/popstra/canoodled/participant	/celebrities/celebrity/celebrity_friends./celebrities/friendship/friend
1.0	/base/popstra/celebrity/canoodled./base/popstra/canoodled/participant	/film/actor/film./film/performance/film_v	/film/actor/film./film/performance/film_v
1.0	/base/popstra/celebrity/dated./base/popstra/dated/participant	/film/actor/film./film/performance/film	/film/actor/film./film/performance/film
1.0	/base/popstra/celebrity/dated./base/popstra/dated/participant	/film/film/story_by
1.0	/base/popstra/celebrity/friendship./base/popstra/friendship/participant	/music/group_member/membership./music/group_membership/group
1.0	/base/popstra/celebrity/friendship./base/popstra/friendship/participant	/film/director/film_v	/film/director/film_v
1.0	/base/popstra/location/vacationers./base/popstra/vacation_choice/vacationer	/people/person/spouse_s./people/marriage/location_of_ceremony_v
1.0	/base/popstra/location/vacationers./base/popstra/vacation_choice/vacationer	/people/person/spouse_s./people/marriage/spouse_v
1.0	/base/saturdaynightlive/snl_cast_member/seasons./base/saturdaynightlive/snl_season_tenure/cast_members	/base/saturdaynightlive/snl_cast_member/seasons./base/saturdaynightlive/snl_season_tenure/cast_members	/base/saturdaynightlive/snl_cast_member/seasons./base/saturdaynightlive/snl_season_tenure/cast_members
1.0	/base/saturdaynightlive/snl_cast_member/seasons./base/saturdaynightlive/snl_season_tenure/cast_members	/base/saturdaynightlive/snl_cast_member/seasons./base/saturdaynightlive/snl_season_tenure/cast_members	/base/saturdaynightlive/snl_cast_member/seasons./base/saturdaynightlive/snl_season_tenure/cast_members_v
1.0	/base/saturdaynightlive/snl_cast_member/seasons./base/saturdaynightlive/snl_season_tenure/cast_members	/award/award_winning_work/awards_won./award/award_honor/award_winner	/award/award_winning_work/awards_won./award/award_honor/award_winner
1.0	/base/schemastaging/organization_extra/phone_number./base/schemastaging/phone_sandbox/contact_category	/organization/organization/child./organization/organization_relationship/child
1.0	/base/schemastaging/organization_extra/phone_number./base/schemastaging/phone_sandbox/contact_category	/base/schemastaging/organization_extra/phone_number./base/schemastaging/phone_sandbox/contact_category	/base/schemastaging/organization_extra/phone_number./base/schemastaging/phone_sandbox/contact_category
1.0	/base/schemastaging/organization_extra/phone_number./base/schemastaging/phone_sandbox/service_language	/base/schemastaging/organization_extra/phone_number./base/schemastaging/phone_sandbox/service_location	/base/schemastaging/organization_extra/phone_number./base/schemastaging/phone_sandbox/service_location
1.0	/base/schemastaging/organization_extra/phone_number./base/schemastaging/phone_sandbox/service_language	/location/country/official_language	/people/person/languages
1.0	/base/schemastaging/organization_extra/phone_number./base/schemastaging/phone_sandbox/service_language	/people/person/languages	/people/person/languages
1.0	/base/schemastaging/organization_extra/phone_number./base/schemastaging/phone_sandbox/service_location	/base/schemastaging/organization_extra/phone_number./base/schemastaging/phone_sandbox/service_language	/organization/organization/headquarters./location/mailing_address/citytown
1.0	/base/schemastaging/organization_extra/phone_number./base/schemastaging/phone_sandbox/service_location	/location/location/adjoin_s./location/adjoining_relationship/adjoins	/organization/organization/headquarters./location/mailing_address/country
1.0	/base/schemastaging/person_extra/net_worth./measurement_unit/dated_money_value/currency	/film/director/film
1.0	/base/schemastaging/person_extra/net_worth./measurement_unit/dated_money_value/currency	/film/film/estimated_budget./measurement_unit/dated_money_value/currency	/location/statistical_region/gni_per_capita_in_ppp_dollars./measurement_unit/dated_money_value/currency
1.0	/base/x2010fifaworldcupsouthafrica/world_cup_squad/current_world_cup_squad./base/x2010fifaworldcupsouthafrica/current_world_cup_squad/current_club	/sports/pro_athlete/teams./sports/sports_team_roster/team_v
1.0	/base/x2010fifaworldcupsouthafrica/world_cup_squad/current_world_cup_squad./base/x2010fifaworldcupsouthafrica/current_world_cup_squad/current_club	/sports/pro_athlete/teams./sports/sports_team_roster/team
1.0	/baseball/baseball_team/team_stats./baseball/baseball_team_stats/season	/film/film/prequel_v
1.0	/baseball/baseball_team/team_stats./baseball/baseball_team_stats/season	/film/film/prequel
1.0	/broadcast/content/artist	/broadcast/content/artist	/broadcast/content/artist
1.0	/broadcast/content/artist	/influence/influence_node/peers./influence/peer_relationship/peers	/influence/influence_node/peers./influence/peer_relationship/peers
1.0	/business/business_operation/assets./measurement_unit/dated_money_value/currency	/organization/organization/headquarters./location/mailing_address/citytown	/organization/organization/headquarters./location/mailing_address/citytown
1.0	/business/business_operation/assets./measurement_unit/dated_money_value/currency	/location/statistical_region/gdp_nominal./measurement_unit/dated_money_value/currency	/location/statistical_region/gdp_nominal./measurement_unit/dated_money_value/currency
1.0	/business/business_operation/industry	/film/film/production_companies_v	/organization/organization/child./organization/organization_relationship/child_v
1.0	/business/business_operation/industry	/business/business_operation/industry	/business/business_operation/industry
1.0	/business/business_operation/operating_income./measurement_unit/dated_money_value/currency	/base/schemastaging/organization_extra/phone_number./base/schemastaging/phone_sandbox/service_location	/base/schemastaging/organization_extra/phone_number./base/schemastaging/phone_sandbox/service_location
1.0	/business/business_operation/operating_income./measurement_unit/dated_money_value/currency	/location/statistical_region/gdp_nominal./measurement_unit/dated_money_value/currency	/location/statistical_region/gdp_nominal./measurement_unit/dated_money_value/currency
1.0	/business/business_operation/revenue./measurement_unit/dated_money_value/currency	/base/schemastaging/organization_extra/phone_number./base/schemastaging/phone_sandbox/service_location	/organization/organization/child./organization/organization_relationship/child_v
1.0	/business/business_operation/revenue./measurement_unit/dated_money_value/currency	/base/schemastaging/person_extra/net_worth./measurement_unit/dated_money_value/currency	/base/schemastaging/person_extra/net_worth./measurement_unit/dated_money_value/currency
1.0	/business/job_title/people_with_this_title./business/employment_tenure/company	/business/job_title/people_with_this_title./business/employment_tenure/company	/business/job_title/people_with_this_title./business/employment_tenure/company
1.0	/business/job_title/people_with_this_title./business/employment_tenure/company	/business/job_title/people_with_this_title./business/employment_tenure/company	/organization/role/leaders./organization/leadership/organization
1.0	/business/job_title/people_with_this_title./business/employment_tenure/company	/base/schemastaging/organization_extra/phone_number./base/schemastaging/phone_sandbox/service_location_v	/organization/organization/place_founded_v
1.0	/business/job_title/people_with_this_title./business/employment_tenure/company	/organization/organization/place_founded_v	/organization/organization/place_founded_v
1.0	/business/job_title/people_with_this_title./business/employment_tenure/company	/award/award_winner/awards_won./award/award_honor/award_winner_v	/organization/organization/place_founded_v
1.0	/celebrities/celebrity/celebrity_friends./celebrities/friendship/friend	/people/person/spouse_s./people/marriage/spouse
1.0	/celebrities/celebrity/celebrity_friends./celebrities/friendship/friend	/base/x2010fifaworldcupsouthafrica/world_cup_squad/current_world_cup_squad./base/x2010fifaworldcupsouthafrica/current_world_cup_squad/current_club_v	/people/person/spouse_s./people/marriage/location_of_ceremony_v
1.0	/celebrities/celebrity/sexual_relationships./celebrities/romantic_relationship/celebrity	/award/award_category/disciplines_or_subjects_v	/celebrities/celebrity/celebrity_friends./celebrities/friendship/friend_v
1.0	/celebrities/celebrity/sexual_relationships./celebrities/romantic_relationship/celebrity	/base/popstra/celebrity/friendship./base/popstra/friendship/participant	/base/popstra/celebrity/friendship./base/popstra/friendship/participant
1.0	/common/topic/webpage./common/webpage/category	/sports/sports_position/players./sports/sports_team_roster/position
1.0	/common/topic/webpage./common/webpage/category	/common/topic/webpage./common/webpage/category	/common/topic/webpage./common/webpage/category
1.0	/dataworld/gardening_hint/split_to	/location/country/capital	/location/country/capital
1.0	/dataworld/gardening_hint/split_to	/location/country/capital	/education/educational_institution/colors_v
1.0	/dataworld/gardening_hint/split_to	/sports/sports_team/colors
1.0	/education/educational_degree/people_with_this_degree./education/education/institution	/education/educational_degree/people_with_this_degree./education/education/student	/education/educational_degree/people_with_this_degree./education/education/student
1.0	/education/educational_degree/people_with_this_degree./education/education/institution	/organization/organization/child./organization/organization_relationship/child	/education/educational_institution/students_graduates./education/education/student_v
1.0	/education/educational_degree/people_with_this_degree./education/education/major_field_of_study	/education/educational_degree/people_with_this_degree./education/education/major_field_of_study	/education/educational_degree/people_with_this_degree./education/education/major_field_of_study
1.0	/education/educational_degree/people_with_this_degree./education/education/major_field_of_study	/education/field_of_study/students_majoring./education/education/student_v	/education/field_of_study/students_majoring./education/education/student_v
1.0	/education/educational_degree/people_with_this_degree./education/education/student	/education/educational_degree/people_with_this_degree./education/education/major_field_of_study	/education/educational_degree/people_with_this_degree./education/education/major_field_of_study
1.0	/education/educational_degree/people_with_this_degree./education/education/student	/education/field_of_study/students_majoring./education/education/student
1.0	/education/educational_institution/campuses	/film/film/prequel_v
1.0	/education/educational_institution/campuses	/film/film/prequel
1.0	/education/educational_institution/colors	/sports/professional_sports_team/draft_picks./sports/sports_league_draft_pick/school_v	/people/person/sibling_s./people/sibling_relationship/sibling_v
1.0	/education/educational_institution/colors	/sports/sports_team/colors	/sports/sports_team/colors
1.0	/education/educational_institution/school_type	/sports/sports_team/roster./basketball/basketball_roster_position/position	/organization/organization/child./organization/organization_relationship/child
1.0	/education/educational_institution/school_type	/education/educational_institution/school_type	/education/educational_institution/school_type
1.0	/education/educational_institution/students_graduates./education/education/major_field_of_study	/education/educational_institution/students_graduates./education/education/student	/education/educational_institution/students_graduates./education/education/student
1.0	/education/educational_institution/students_graduates./education/education/major_field_of_study	/education/field_of_study/students_majoring./education/education/student_v	/education/field_of_study/students_majoring./education/education/student_v
1.0	/education/educational_institution/students_graduates./education/education/student	/education/educational_institution/students_graduates./education/education/student	/education/educational_degree/people_with_this_degree./education/education/institution_v
1.0	/education/educational_institution/students_graduates./education/education/student	/influence/influence_node/peers./influence/peer_relationship/peers_v
1.0	/education/educational_institution_campus/educational_institution	/film/film/prequel_v
1.0	/education/educational_institution_campus/educational_institution	/film/film/prequel
1.0	/education/field_of_study/students_majoring./education/education/major_field_of_study	/education/field_of_study/students_majoring./education/education/student	/education/field_of_study/students_majoring./education/education/student
1.0	/education/field_of_study/students_majoring./education/education/major_field_of_study	/education/field_of_study/students_majoring./education/education/student_v	/education/field_of_study/students_majoring./education/education/student_v
1.0	/education/field_of_study/students_majoring./education/education/student	/business/business_operation/industry_v	/education/field_of_study/students_majoring./education/education/major_field_of_study
1.0	/education/field_of_study/students_majoring./education/education/student	/business/business_operation/industry_v	/education/field_of_study/students_majoring./education/education/student
1.0	/education/field_of_study/students_majoring./education/education/student	/tv/tv_personality/tv_regular_appearances./tv/tv_regular_personal_appearance/program_v	/tv/tv_personality/tv_regular_appearances./tv/tv_regular_personal_appearance/program_v
1.0	/education/university/domestic_tuition./measurement_unit/dated_money_value/currency	/education/educational_institution/students_graduates./education/education/student	/education/educational_institution/students_graduates./education/education/student
1.0	/education/university/domestic_tuition./measurement_unit/dated_money_value/currency	/location/statistical_region/gdp_nominal./measurement_unit/dated_money_value/currency	/location/statistical_region/gdp_nominal./measurement_unit/dated_money_value/currency
1.0	/education/university/fraternities_and_sororities	/film/film/prequel_v
1.0	/education/university/fraternities_and_sororities	/common/topic/webpage./common/webpage/category_v	/common/topic/webpage./common/webpage/category_v
1.0	/education/university/international_tuition./measurement_unit/dated_money_value/currency	/common/topic/webpage./common/webpage/category	/common/topic/webpage./common/webpage/category
1.0	/education/university/international_tuition./measurement_unit/dated_money_value/currency	/location/statistical_region/gni_per_capita_in_ppp_dollars./measurement_unit/dated_money_value/currency	/location/statistical_region/gni_per_capita_in_ppp_dollars./measurement_unit/dated_money_value/currency
1.0	/education/university/local_tuition./measurement_unit/dated_money_value/currency	/education/educational_institution/students_graduates./education/education/student	/location/location/contains_v
1.0	/education/university/local_tuition./measurement_unit/dated_money_value/currency	/location/statistical_region/gni_per_capita_in_ppp_dollars./measurement_unit/dated_money_value/currency	/location/statistical_region/gni_per_capita_in_ppp_dollars./measurement_unit/dated_money_value/currency
1.0	/film/actor/dubbing_performances./film/dubbing_performance/language	/film/film/dubbing_performances./film/dubbing_performance/actor_v	/film/film/dubbing_performances./film/dubbing_performance/actor_v
1.0	/film/actor/dubbing_performances./film/dubbing_performance/language	/location/country/official_language	/location/country/official_language
1.0	/film/actor/film./film/performance/film	/music/group_member/membership./music/group_membership/group
1.0	/film/actor/film./film/performance/film	/film/film/prequel_v
1.0	/film/actor/film./film/performance/special_performance_type	/film/film/personal_appearances./film/personal_film_appearance/person_v
1.0	/film/actor/film./film/performance/special_performance_type	/film/special_film_performance_type/film_performance_type./film/performance/film_v	/film/special_film_performance_type/film_performance_type./film/performance/film_v
1.0	/film/director/film	/film/director/film	/film/director/film
1.0	/film/director/film	/film/director/film	/film/film/written_by_v
1.0	/film/director/film	/film/film/prequel_v	/film/film/written_by_v
1.0	/film/film/cinematography	/film/film/executive_produced_by	/award/award_nominated_work/award_nominations./award/award_nomination/nominated_for
1.0	/film/film/cinematography	/film/film/cinematography	/film/film/cinematography
1.0	/film/film/costume_design_by	/film/film/story_by	/film/film/prequel_v
1.0	/film/film/costume_design_by	/film/film/costume_design_by	/film/film/costume_design_by
1.0	/film/film/country	/film/director/film_v
1.0	/film/film/country	/location/location/adjoin_s./location/adjoining_relationship/adjoins	/people/person/nationality
1.0	/film/film/country	/location/location/adjoin_s./location/adjoining_relationship/adjoins	/film/film/country
1.0	/film/film/distributors./film/film_film_distributor_relationship/film_distribution_medium	/film/film/prequel_v	/film/film/prequel_v
1.0	/film/film/distributors./film/film_film_distributor_relationship/film_distribution_medium	/film/film/distributors./film/film_film_distributor_relationship/film_distribution_medium	/film/film/distributors./film/film_film_distributor_relationship/film_distribution_medium
1.0	/film/film/distributors./film/film_film_distributor_relationship/region	/film/film/distributors./film/film_film_distributor_relationship/region	/film/film/distributors./film/film_film_distributor_relationship/region
1.0	/film/film/distributors./film/film_film_distributor_relationship/region	/location/statistical_region/places_exported_to./location/imports_and_exports/exported_to	/location/statistical_region/places_exported_to./location/imports_and_exports/exported_to
1.0	/film/film/dubbing_performances./film/dubbing_performance/actor	/film/special_film_performance_type/film_performance_type./film/performance/film_v	/film/film/prequel
1.0	/film/film/dubbing_performances./film/dubbing_performance/actor	/film/special_film_performance_type/film_performance_type./film/performance/film_v	/film/film/prequel_v
1.0	/film/film/dubbing_performances./film/dubbing_performance/actor	/film/film/prequel	/film/film/dubbing_performances./film/dubbing_performance/actor
1.0	/film/film/edited_by	/film/special_film_performance_type/film_performance_type./film/performance/film_v	/film/film/prequel_v
1.0	/film/film/edited_by	/film/film/other_crew./film/film_crew_gig/crewmember	/film/film/other_crew./film/film_crew_gig/crewmember
1.0	/film/film/estimated_budget./measurement_unit/dated_money_value/currency	/film/actor/film./film/performance/film_v
1.0	/film/film/estimated_budget./measurement_unit/dated_money_value/currency	/location/statistical_region/gni_per_capita_in_ppp_dollars./measurement_unit/dated_money_value/currency	/location/statistical_region/gni_per_capita_in_ppp_dollars./measurement_unit/dated_money_value/currency
1.0	/film/film/executive_produced_by	/film/film/executive_produced_by	/film/film/executive_produced_by
1.0	/film/film/executive_produced_by	/film/film/executive_produced_by	/film/film/executive_produced_by
1.0	/film/film/featured_film_locations	/film/film/story_by
1.0	/film/film/featured_film_locations	/people/person/place_of_birth
1.0	/film/film/film_art_direction_by	/film/film_set_designer/film_sets_designed_v
1.0	/film/film/film_art_direction_by	/film/film_set_designer/film_sets_designed_v	/film/film/film_art_direction_by
1.0	/film/film/film_festivals	/award/award_nominated_work/award_nominations./award/award_nomination/nominated_for
1.0	/film/film/film_festivals	/time/event/instance_of_recurring_event_v	/time/event/instance_of_recurring_event_v
1.0	/film/film/film_format	/film/film/prequel_v
1.0	/film/film/film_format	/film/film/film_format	/film/film/film_format
1.0	/film/film/film_production_design_by	/award/award_nominated_work/award_nominations./award/award_nomination/nominated_for_v
1.0	/film/film/film_production_design_by	/film/film/film_art_direction_by	/film/film/film_art_direction_by
1.0	/film/film/film_production_design_by	/film/film_set_designer/film_sets_designed_v	/film/film/film_art_direction_by
1.0	/film/film/genre	/film/film/prequel_v
1.0	/film/film/genre	/education/field_of_study/students_majoring./education/education/major_field_of_study_v	/award/award_category/disciplines_or_subjects
1.0	/film/film/language	/film/actor/film./film/performance/film_v
1.0	/film/film/language	/location/country/official_language	/base/schemastaging/organization_extra/phone_number./base/schemastaging/phone_sandbox/service_language
1.0	/film/film/music	/film/film/story_by	/film/film/story_by
1.0	/film/film/music	/film/film/music	/film/film/music
1.0	/film/film/other_crew./film/film_crew_gig/crewmember	/film/film/prequel_v
1.0	/film/film/other_crew./film/film_crew_gig/crewmember	/film/film/other_crew./film/film_crew_gig/crewmember	/film/film/other_crew./film/film_crew_gig/crewmember
1.0	/film/film/other_crew./film/film_crew_gig/film_crew_role	/film/film/prequel_v
1.0	/film/film/other_crew./film/film_crew_gig/film_crew_role	/people/profession/specialization_of_v	/film/film/other_crew./film/film_crew_gig/film_crew_role
1.0	/film/film/personal_appearances./film/personal_film_appearance/person	/film/film/personal_appearances./film/personal_film_appearance/person	/film/film/personal_appearances./film/personal_film_appearance/person
1.0	/film/film/personal_appearances./film/personal_film_appearance/person	/film/film/personal_appearances./film/personal_film_appearance/person
1.0	/film/film/prequel	/film/film/story_by	/film/actor/film./film/performance/film_v
1.0	/film/film/prequel	/film/film/prequel_v	/film/film/film_art_direction_by_v
1.0	/film/film/produced_by	/film/film/written_by	/film/film/prequel
1.0	/film/film/produced_by	/film/film/written_by	/organization/organization_founder/organizations_founded_v
1.0	/film/film/produced_by	/film/film/produced_by	/film/film/produced_by
1.0	/film/film/production_companies	/film/film/prequel_v
1.0	/film/film/production_companies	/organization/organization_founder/organizations_founded	/film/film/production_companies
1.0	/film/film/release_date_s./film/film_regional_release_date/film_regional_debut_venue	/film/film/film_festivals	/film/film/film_festivals
1.0	/film/film/release_date_s./film/film_regional_release_date/film_regional_debut_venue	/time/event/instance_of_recurring_event	/music/artist/origin
1.0	/film/film/release_date_s./film/film_regional_release_date/film_regional_debut_venue	/time/event/locations	/music/artist/origin
1.0	/film/film/release_date_s./film/film_regional_release_date/film_release_distribution_medium	/award/award_winning_work/awards_won./award/award_honor/honored_for
1.0	/film/film/release_date_s./film/film_regional_release_date/film_release_distribution_medium	/film/film/release_date_s./film/film_regional_release_date/film_release_distribution_medium	/film/film/release_date_s./film/film_regional_release_date/film_release_distribution_medium
1.0	/film/film/release_date_s./film/film_regional_release_date/film_release_region	/sports/sports_team/colors	/film/film/dubbing_performances./film/dubbing_performance/actor
1.0	/film/film/release_date_s./film/film_regional_release_date/film_release_region	/location/location/adjoin_s./location/adjoining_relationship/adjoins	/film/film/release_date_s./film/film_regional_release_date/film_release_region
1.0	/film/film/runtime./film/film_cut/film_release_region	/film/film/estimated_budget./measurement_unit/dated_money_value/currency
1.0	/film/film/runtime./film/film_cut/film_release_region	/location/location/adjoin_s./location/adjoining_relationship/adjoins	/film/film/release_date_s./film/film_regional_release_date/film_release_region
1.0	/film/film/story_by	/film/film/story_by	/film/film/story_by
1.0	/film/film/story_by	/film/film/story_by	/film/film/story_by
1.0	/film/film/written_by	/film/film/prequel
1.0	/film/film/written_by	/film/film/written_by	/film/film/written_by
1.0	/film/film_distributor/films_distributed./film/film_film_distributor_relationship/film	/film/film_distributor/films_distributed./film/film_film_distributor_relationship/film	/film/film/prequel_v
1.0	/film/film_distributor/films_distributed./film/film_film_distributor_relationship/film	/film/film/prequel_v
1.0	/film/film_set_designer/film_sets_designed	/film/film/film_art_direction_by_v	/film/film/film_art_direction_by_v
1.0	/film/film_set_designer/film_sets_designed	/award/award_nominated_work/award_nominations./award/award_nomination/nominated_for	/film/film/film_art_direction_by_v
1.0	/film/film_subject/films	/film/film_subject/films	/base/aareas/schema/administrative_area/capital
1.0	/film/film_subject/films	/film/film/prequel_v
1.0	/film/person_or_entity_appearing_in_film/films./film/personal_film_appearance/type_of_appearance	/people/person/spouse_s./people/marriage/spouse_v
1.0	/film/person_or_entity_appearing_in_film/films./film/personal_film_appearance/type_of_appearance	/film/person_or_entity_appearing_in_film/films./film/personal_film_appearance/type_of_appearance	/film/person_or_entity_appearing_in_film/films./film/personal_film_appearance/type_of_appearance
1.0	/film/special_film_performance_type/film_performance_type./film/performance/film	/film/actor/film./film/performance/special_performance_type_v	/film/actor/film./film/performance/special_performance_type_v
1.0	/film/special_film_performance_type/film_performance_type./film/performance/film	/film/film/prequel	/film/film/personal_appearances./film/personal_film_appearance/person_v
1.0	/food/food/nutrients./food/nutrition_fact/nutrient	/film/film/personal_appearances./film/personal_film_appearance/person	/film/film/dubbing_performances./film/dubbing_performance/actor
1.0	/food/food/nutrients./food/nutrition_fact/nutrient	/food/food/nutrients./food/nutrition_fact/nutrient	/sports/sports_team_location/teams_v
1.0	/government/government_office_category/officeholders./government/government_position_held/jurisdiction_of_office	/government/government_office_category/officeholders./government/government_position_held/jurisdiction_of_office	/government/government_office_category/officeholders./government/government_position_held/jurisdiction_of_office
1.0	/government/government_office_category/officeholders./government/government_position_held/jurisdiction_of_office	/organization/organization_member/member_of./organization/organization_membership/organization_v
1.0	/government/governmental_body/members./government/government_position_held/legislative_sessions	/government/governmental_body/members./government/government_position_held/legislative_sessions	/government/governmental_body/members./government/government_position_held/legislative_sessions
1.0	/government/governmental_body/members./government/government_position_held/legislative_sessions	/government/legislative_session/members./government/government_position_held/legislative_sessions_v	/government/legislative_session/members./government/government_position_held/legislative_sessions_v
1.0	/government/legislative_session/members./government/government_position_held/district_represented	/government/legislative_session/members./government/government_position_held/district_represented	/government/legislative_session/members./government/government_position_held/district_represented
1.0	/government/legislative_session/members./government/government_position_held/district_represented	/government/legislative_session/members./government/government_position_held/district_represented	/government/legislative_session/members./government/government_position_held/district_represented
1.0	/government/legislative_session/members./government/government_position_held/legislative_sessions	/government/legislative_session/members./government/government_position_held/legislative_sessions_v	/government/legislative_session/members./government/government_position_held/legislative_sessions_v
1.0	/government/legislative_session/members./government/government_position_held/legislative_sessions	/government/legislative_session/members./government/government_position_held/legislative_sessions_v	/government/legislative_session/members./government/government_position_held/legislative_sessions_v
1.0	/government/political_party/politicians_in_this_party./government/political_party_tenure/politician	/government/political_party/politicians_in_this_party./government/political_party_tenure/politician	/government/political_party/politicians_in_this_party./government/political_party_tenure/politician
1.0	/government/political_party/politicians_in_this_party./government/political_party_tenure/politician	/base/biblioness/bibs_location/state_v
1.0	/government/politician/government_positions_held./government/government_position_held/basic_title	/government/politician/government_positions_held./government/government_position_held/jurisdiction_of_office	/award/award_winner/awards_won./award/award_honor/award_winner_v
1.0	/government/politician/government_positions_held./government/government_position_held/basic_title	/government/politician/government_positions_held./government/government_position_held/jurisdiction_of_office	/people/person/employment_history./business/employment_tenure/company
1.0	/government/politician/government_positions_held./government/government_position_held/basic_title	/government/government_office_category/officeholders./government/government_position_held/jurisdiction_of_office_v	/government/government_office_category/officeholders./government/government_position_held/jurisdiction_of_office_v
1.0	/government/politician/government_positions_held./government/government_position_held/jurisdiction_of_office	/government/politician/government_positions_held./government/government_position_held/jurisdiction_of_office	/government/politician/government_positions_held./government/government_position_held/jurisdiction_of_office
1.0	/government/politician/government_positions_held./government/government_position_held/jurisdiction_of_office	/base/biblioness/bibs_location/state	/location/country/second_level_divisions_v
1.0	/government/politician/government_positions_held./government/government_position_held/legislative_sessions	/government/politician/government_positions_held./government/government_position_held/legislative_sessions	/government/politician/government_positions_held./government/government_position_held/legislative_sessions
1.0	/government/politician/government_positions_held./government/government_position_held/legislative_sessions	/government/legislative_session/members./government/government_position_held/legislative_sessions_v	/government/legislative_session/members./government/government_position_held/legislative_sessions_v
1.0	/government/politician/government_positions_held./government/government_position_held/legislative_sessions	/government/politician/government_positions_held./government/government_position_held/legislative_sessions	/government/legislative_session/members./government/government_position_held/legislative_sessions_v
1.0	/ice_hockey/hockey_team/current_roster./sports/sports_team_roster/position	/ice_hockey/hockey_team/current_roster./sports/sports_team_roster/position	/ice_hockey/hockey_team/current_roster./sports/sports_team_roster/position
1.0	/ice_hockey/hockey_team/current_roster./sports/sports_team_roster/position	/sports/sports_position/players./sports/sports_team_roster/position_v	/sports/sports_position/players./sports/sports_team_roster/position_v
1.0	/influence/influence_node/influenced_by	/film/film/prequel
1.0	/influence/influence_node/influenced_by	/influence/influence_node/influenced_by
1.0	/influence/influence_node/peers./influence/peer_relationship/peers	/film/film/story_by_v	/film/film/story_by_v
1.0	/influence/influence_node/peers./influence/peer_relationship/peers	/film/film/story_by	/film/film/story_by
1.0	/language/human_language/countries_spoken_in	/location/country/official_language_v	/location/country/official_language_v
1.0	/language/human_language/countries_spoken_in	/people/ethnicity/geographic_distribution	/people/person/nationality
1.0	/location/administrative_division/country	/government/politician/government_positions_held./government/government_position_held/jurisdiction_of_office_v	/base/biblioness/bibs_location/state_v
1.0	/location/administrative_division/country	/location/location/time_zones	/base/biblioness/bibs_location/state_v
1.0	/location/administrative_division/country	/people/profession/specialization_of_v	/location/administrative_division/country
1.0	/location/capital_of_administrative_division/capital_of./location/administrative_division_capital_relationship/administrative_division	/location/country/second_level_divisions_v	/location/country/second_level_divisions_v
1.0	/location/capital_of_administrative_division/capital_of./location/administrative_division_capital_relationship/administrative_division	/location/administrative_division/country_v	/location/administrative_division/country_v
1.0	/location/country/capital	/people/person/nationality_v	/olympics/olympic_participating_country/medals_won./olympics/olympic_medal_honor/olympics
1.0	/location/country/capital	/olympics/olympic_participating_country/medals_won./olympics/olympic_medal_honor/olympics	/olympics/olympic_participating_country/medals_won./olympics/olympic_medal_honor/olympics
1.0	/location/country/capital	/people/deceased_person/place_of_death	/people/deceased_person/place_of_death
1.0	/location/country/form_of_government	/location/location/adjoin_s./location/adjoining_relationship/adjoins_v
1.0	/location/country/form_of_government	/location/country/form_of_government	/location/country/form_of_government
1.0	/location/country/official_language	/organization/organization_member/member_of./organization/organization_membership/organization	/location/location/adjoin_s./location/adjoining_relationship/adjoins_v
1.0	/location/country/official_language	/people/person/languages	/base/schemastaging/organization_extra/phone_number./base/schemastaging/phone_sandbox/service_language
1.0	/location/country/official_language	/location/country/official_language	/base/schemastaging/organization_extra/phone_number./base/schemastaging/phone_sandbox/service_language
1.0	/location/country/second_level_divisions	/location/country/second_level_divisions	/location/country/second_level_divisions
1.0	/location/country/second_level_divisions	/base/biblioness/bibs_location/state	/location/location/time_zones_v
1.0	/location/hud_county_place/county	/base/biblioness/bibs_location/state	/base/biblioness/bibs_location/state
1.0	/location/hud_county_place/county	/location/hud_county_place/county	/location/hud_county_place/county
1.0	/location/hud_county_place/place	/film/film/prequel_v
1.0	/location/hud_county_place/place	/film/film/prequel
1.0	/location/hud_foreclosure_area/estimated_number_of_mortgages./measurement_unit/dated_integer/source	/location/capital_of_administrative_division/capital_of./location/administrative_division_capital_relationship/administrative_division_v
1.0	/location/hud_foreclosure_area/estimated_number_of_mortgages./measurement_unit/dated_integer/source	/location/hud_foreclosure_area/estimated_number_of_mortgages./measurement_unit/dated_integer/source	/location/hud_foreclosure_area/estimated_number_of_mortgages./measurement_unit/dated_integer/source
1.0	/location/location/adjoin_s./location/adjoining_relationship/adjoins	/sports/sports_team_location/teams	/time/event/locations_v
1.0	/location/location/adjoin_s./location/adjoining_relationship/adjoins	/location/location/adjoin_s./location/adjoining_relationship/adjoins	/sports/sports_team_location/teams_v
1.0	/location/location/contains	/base/biblioness/bibs_location/country_v	/location/hud_county_place/county_v
1.0	/location/location/contains	/base/biblioness/bibs_location/state	/people/person/place_of_birth
1.0	/location/location/partially_contains	/people/person/sibling_s./people/sibling_relationship/sibling_v	/location/location/partially_contains
1.0	/location/location/partially_contains	/location/location/adjoin_s./location/adjoining_relationship/adjoins	/people/person/nationality
1.0	/location/location/time_zones	/location/capital_of_administrative_division/capital_of./location/administrative_division_capital_relationship/administrative_division_v
1.0	/location/location/time_zones	/location/location/time_zones	/location/location/time_zones
1.0	/location/statistical_region/gdp_nominal./measurement_unit/dated_money_value/currency	/organization/organization/headquarters./location/mailing_address/state_province_region_v	/organization/organization/headquarters./location/mailing_address/state_province_region_v
1.0	/location/statistical_region/gdp_nominal./measurement_unit/dated_money_value/currency	/location/statistical_region/gni_per_capita_in_ppp_dollars./measurement_unit/dated_money_value/currency	/location/statistical_region/gni_per_capita_in_ppp_dollars./measurement_unit/dated_money_value/currency
1.0	/location/statistical_region/gdp_nominal_per_capita./measurement_unit/dated_money_value/currency	/base/popstra/location/vacationers./base/popstra/vacation_choice/vacationer	/sports/sports_team_location/teams
1.0	/location/statistical_region/gdp_nominal_per_capita./measurement_unit/dated_money_value/currency	/location/statistical_region/gni_per_capita_in_ppp_dollars./measurement_unit/dated_money_value/currency	/location/statistical_region/gni_per_capita_in_ppp_dollars./measurement_unit/dated_money_value/currency
1.0	/location/statistical_region/places_exported_to./location/imports_and_exports/exported_to	/location/statistical_region/gdp_nominal_per_capita./measurement_unit/dated_money_value/currency
1.0	/location/statistical_region/places_exported_to./location/imports_and_exports/exported_to	/location/statistical_region/gni_per_capita_in_ppp_dollars./measurement_unit/dated_money_value/currency_v	/sports/sports_team/roster./basketball/basketball_roster_position/position_v
1.0	/location/statistical_region/religions./location/religion_percentage/religion	/sports/sports_team_location/teams	/location/location/adjoin_s./location/adjoining_relationship/adjoins_v
1.0	/location/statistical_region/religions./location/religion_percentage/religion	/people/person/religion	/people/person/religion
1.0	/location/statistical_region/rent50_2./measurement_unit/dated_money_value/currency	/location/country/second_level_divisions_v	/base/biblioness/bibs_location/country
1.0	/location/statistical_region/rent50_2./measurement_unit/dated_money_value/currency	/location/country/second_level_divisions_v	/location/country/second_level_divisions_v
1.0	/location/statistical_region/rent50_2./measurement_unit/dated_money_value/currency	/location/statistical_region/gni_per_capita_in_ppp_dollars./measurement_unit/dated_money_value/currency	/location/statistical_region/gni_per_capita_in_ppp_dollars./measurement_unit/dated_money_value/currency
1.0	/location/us_county/county_seat	/film/film/prequel_v
1.0	/location/us_county/county_seat	/film/film/prequel
1.0	/media_common/netflix_genre/titles	/media_common/netflix_genre/titles	/organization/organization/child./organization/organization_relationship/child
1.0	/media_common/netflix_genre/titles	/film/actor/film./film/performance/film
1.0	/medicine/disease/notable_people_with_this_condition	/medicine/disease/notable_people_with_this_condition	/medicine/disease/notable_people_with_this_condition
1.0	/medicine/disease/notable_people_with_this_condition	/people/person/spouse_s./people/marriage/spouse
1.0	/medicine/disease/risk_factors	/medicine/disease/notable_people_with_this_condition	/people/cause_of_death/people
1.0	/medicine/disease/risk_factors	/people/person/gender	/people/person/gender
1.0	/medicine/symptom/symptom_of	/medicine/symptom/symptom_of	/time/event/locations_v
1.0	/medicine/symptom/symptom_of	/film/film/prequel
1.0	/military/military_combatant/military_conflicts./military/military_combatant_group/combatants	/military/military_combatant/military_conflicts./military/military_combatant_group/combatants	/military/military_combatant/military_conflicts./military/military_combatant_group/combatants
1.0	/military/military_combatant/military_conflicts./military/military_combatant_group/combatants	/time/event/locations	/sports/sports_team/roster./basketball/basketball_roster_position/position_v
1.0	/military/military_conflict/combatants./military/military_combatant_group/combatants	/military/military_conflict/combatants./military/military_combatant_group/combatants	/military/military_conflict/combatants./military/military_combatant_group/combatants
1.0	/military/military_conflict/combatants./military/military_combatant_group/combatants	/military/military_combatant/military_conflicts./military/military_combatant_group/combatants_v
1.0	/music/artist/contribution./music/recording_contribution/performance_role	/music/artist/contribution./music/recording_contribution/performance_role	/music/artist/contribution./music/recording_contribution/performance_role
1.0	/music/artist/contribution./music/recording_contribution/performance_role	/music/performance_role/guest_performances./music/recording_contribution/performance_role	/music/performance_role/guest_performances./music/recording_contribution/performance_role
1.0	/music/artist/origin	/music/group_member/membership./music/group_membership/group_v
1.0	/music/artist/origin	/people/person/places_lived./people/place_lived/location	/music/artist/origin
1.0	/music/artist/origin	/people/person/places_lived./people/place_lived/location	/sports/sports_team_location/teams_v
1.0	/music/artist/track_contributions./music/track_contribution/role	/music/artist/track_contributions./music/track_contribution/role	/music/group_member/membership./music/group_membership/group
1.0	/music/artist/track_contributions./music/track_contribution/role	/music/artist/track_contributions./music/track_contribution/role	/music/artist/track_contributions./music/track_contribution/role
1.0	/music/genre/artists	/award/award_category/disciplines_or_subjects_v	/award/award_category/disciplines_or_subjects_v
1.0	/music/genre/artists	/music/group_member/membership./music/group_membership/group_v
1.0	/music/genre/parent_genre	/film/film/prequel
1.0	/music/genre/parent_genre	/music/genre/artists_v	/music/genre/artists_v
1.0	/music/group_member/membership./music/group_membership/group	/film/director/film	/music/group_member/membership./music/group_membership/group
1.0	/music/group_member/membership./music/group_membership/group	/music/group_member/membership./music/group_membership/group	/music/group_member/membership./music/group_membership/group
1.0	/music/group_member/membership./music/group_membership/role	/music/group_member/membership./music/group_membership/group	/music/group_member/membership./music/group_membership/group
1.0	/music/group_member/membership./music/group_membership/role	/music/performance_role/guest_performances./music/recording_contribution/performance_role	/music/group_member/membership./music/group_membership/role
1.0	/music/instrument/family	/film/film/prequel_v
1.0	/music/instrument/family	/music/instrument/family	/music/instrument/family
1.0	/music/instrument/instrumentalists	/music/instrument/instrumentalists	/music/performance_role/guest_performances./music/recording_contribution/performance_role_v
1.0	/music/instrument/instrumentalists	/tv/tv_producer/programs_produced./tv/tv_producer_term/program_v
1.0	/music/performance_role/guest_performances./music/recording_contribution/performance_role	/music/instrument/instrumentalists	/music/performance_role/guest_performances./music/recording_contribution/performance_role_v
1.0	/music/performance_role/guest_performances./music/recording_contribution/performance_role	/music/instrument/instrumentalists	/music/instrument/instrumentalists
1.0	/music/performance_role/guest_performances./music/recording_contribution/performance_role	/organization/organization_founder/organizations_founded
1.0	/music/performance_role/regular_performances./music/group_membership/group	/music/instrument/instrumentalists
1.0	/music/performance_role/regular_performances./music/group_membership/group	/music/performance_role/regular_performances./music/group_membership/group	/music/performance_role/regular_performances./music/group_membership/group
1.0	/music/performance_role/regular_performances./music/group_membership/role	/film/film/prequel_v	/film/film/prequel_v
1.0	/music/performance_role/regular_performances./music/group_membership/role	/music/performance_role/regular_performances./music/group_membership/role	/base/localfood/seasonal_month/produce_available./base/localfood/produce_availability/seasonal_months
1.0	/music/performance_role/track_performances./music/track_contribution/role	/tv/tv_program/program_creator	/music/performance_role/track_performances./music/track_contribution/role_v
1.0	/music/performance_role/track_performances./music/track_contribution/role	/music/performance_role/track_performances./music/track_contribution/role_v
1.0	/music/record_label/artist	/music/record_label/artist	/organization/organization_founder/organizations_founded_v
1.0	/music/record_label/artist	/music/group_member/membership./music/group_membership/group
1.0	/olympics/olympic_games/medals_awarded./olympics/olympic_medal_honor/medal	/olympics/olympic_participating_country/medals_won./olympics/olympic_medal_honor/olympics_v	/olympics/olympic_participating_country/medals_won./olympics/olympic_medal_honor/olympics_v
1.0	/olympics/olympic_games/medals_awarded./olympics/olympic_medal_honor/medal	/olympics/olympic_participating_country/medals_won./olympics/olympic_medal_honor/medal	/olympics/olympic_participating_country/medals_won./olympics/olympic_medal_honor/medal
1.0	/olympics/olympic_games/participating_countries	/olympics/olympic_games/participating_countries	/olympics/olympic_games/medals_awarded./olympics/olympic_medal_honor/medal
1.0	/olympics/olympic_games/participating_countries	/location/location/adjoin_s./location/adjoining_relationship/adjoins	/sports/sports_team/roster./basketball/basketball_roster_position/position_v
1.0	/olympics/olympic_games/sports	/olympics/olympic_participating_country/medals_won./olympics/olympic_medal_honor/olympics_v	/olympics/olympic_participating_country/medals_won./olympics/olympic_medal_honor/olympics_v
1.0	/olympics/olympic_games/sports	/olympics/olympic_sport/athletes./olympics/olympic_athlete_affiliation/country_v	/olympics/olympic_sport/athletes./olympics/olympic_athlete_affiliation/country_v
1.0	/olympics/olympic_participating_country/athletes./olympics/olympic_athlete_affiliation/olympics	/olympics/olympic_sport/athletes./olympics/olympic_athlete_affiliation/country_v	/location/location/adjoin_s./location/adjoining_relationship/adjoins_v
1.0	/olympics/olympic_participating_country/athletes./olympics/olympic_athlete_affiliation/olympics	/organization/organization/headquarters./location/mailing_address/country_v	/location/location/adjoin_s./location/adjoining_relationship/adjoins_v
1.0	/olympics/olympic_participating_country/athletes./olympics/olympic_athlete_affiliation/olympics	/olympics/olympic_sport/athletes./olympics/olympic_athlete_affiliation/olympics	/olympics/olympic_sport/athletes./olympics/olympic_athlete_affiliation/olympics
1.0	/olympics/olympic_participating_country/medals_won./olympics/olympic_medal_honor/medal	/location/location/adjoin_s./location/adjoining_relationship/adjoins_v
1.0	/olympics/olympic_participating_country/medals_won./olympics/olympic_medal_honor/medal	/olympics/olympic_games/medals_awarded./olympics/olympic_medal_honor/medal	/olympics/olympic_games/medals_awarded./olympics/olympic_medal_honor/medal
1.0	/olympics/olympic_participating_country/medals_won./olympics/olympic_medal_honor/olympics	/location/location/adjoin_s./location/adjoining_relationship/adjoins_v
1.0	/olympics/olympic_participating_country/medals_won./olympics/olympic_medal_honor/olympics	/olympics/olympic_games/sports_v	/olympics/olympic_games/sports_v
1.0	/olympics/olympic_sport/athletes./olympics/olympic_athlete_affiliation/country	/olympics/olympic_sport/athletes./olympics/olympic_athlete_affiliation/country	/olympics/olympic_sport/athletes./olympics/olympic_athlete_affiliation/olympics
1.0	/olympics/olympic_sport/athletes./olympics/olympic_athlete_affiliation/country	/location/location/adjoin_s./location/adjoining_relationship/adjoins
1.0	/olympics/olympic_sport/athletes./olympics/olympic_athlete_affiliation/country	/location/location/adjoin_s./location/adjoining_relationship/adjoins	/location/location/adjoin_s./location/adjoining_relationship/adjoins
1.0	/olympics/olympic_sport/athletes./olympics/olympic_athlete_affiliation/olympics	/olympics/olympic_sport/athletes./olympics/olympic_athlete_affiliation/country	/olympics/olympic_sport/athletes./olympics/olympic_athlete_affiliation/country
1.0	/olympics/olympic_sport/athletes./olympics/olympic_athlete_affiliation/olympics	/olympics/olympic_participating_country/medals_won./olympics/olympic_medal_honor/olympics	/olympics/olympic_participating_country/medals_won./olympics/olympic_medal_honor/olympics
1.0	/organization/endowed_organization/endowment./measurement_unit/dated_money_value/currency	/organization/organization/headquarters./location/mailing_address/citytown	/organization/organization/headquarters./location/mailing_address/citytown
1.0	/organization/endowed_organization/endowment./measurement_unit/dated_money_value/currency	/location/statistical_region/gdp_nominal./measurement_unit/dated_money_value/currency	/location/statistical_region/gdp_nominal./measurement_unit/dated_money_value/currency
1.0	/organization/non_profit_organization/registered_with./organization/non_profit_registration/registering_agency	/organization/organization/child./organization/organization_relationship/child_v
1.0	/organization/non_profit_organization/registered_with./organization/non_profit_registration/registering_agency	/organization/non_profit_organization/registered_with./organization/non_profit_registration/registering_agency	/organization/non_profit_organization/registered_with./organization/non_profit_registration/registering_agency
1.0	/organization/organization/child./organization/organization_relationship/child	/organization/organization/child./organization/organization_relationship/child	/organization/organization/child./organization/organization_relationship/child
1.0	/organization/organization/child./organization/organization_relationship/child	/people/person/employment_history./business/employment_tenure/company_v	/organization/organization/child./organization/organization_relationship/child
1.0	/organization/organization/child./organization/organization_relationship/child	/education/educational_institution/students_graduates./education/education/student_v
1.0	/organization/organization/headquarters./location/mailing_address/citytown	/education/educational_institution/students_graduates./education/education/student	/education/educational_institution/students_graduates./education/education/student
1.0	/organization/organization/headquarters./location/mailing_address/citytown	/film/film/featured_film_locations	/organization/organization/headquarters./location/mailing_address/citytown
1.0	/organization/organization/headquarters./location/mailing_address/country	/organization/organization_founder/organizations_founded_v	/organization/organization_founder/organizations_founded_v
1.0	/organization/organization/headquarters./location/mailing_address/country	/base/biblioness/bibs_location/country	/base/biblioness/bibs_location/country
1.0	/organization/organization/headquarters./location/mailing_address/state_province_region	/education/educational_institution/students_graduates./education/education/student	/organization/organization/headquarters./location/mailing_address/citytown
1.0	/organization/organization/headquarters./location/mailing_address/state_province_region	/organization/organization/headquarters./location/mailing_address/citytown	/organization/organization/headquarters./location/mailing_address/citytown
1.0	/organization/organization/headquarters./location/mailing_address/state_province_region	/base/biblioness/bibs_location/state	/base/biblioness/bibs_location/state
1.0	/organization/organization/place_founded	/organization/organization/place_founded	/organization/organization/place_founded
1.0	/organization/organization/place_founded	/people/deceased_person/place_of_death	/people/deceased_person/place_of_death
1.0	/organization/organization_founder/organizations_founded	/tv/tv_writer/tv_programs./tv/tv_program_writer_relationship/tv_program	/tv/tv_writer/tv_programs./tv/tv_program_writer_relationship/tv_program
1.0	/organization/organization_founder/organizations_founded	/film/film/produced_by_v	/tv/tv_writer/tv_programs./tv/tv_program_writer_relationship/tv_program
1.0	/organization/organization_founder/organizations_founded	/tv/tv_network/programs./tv/tv_network_duration/program_v	/tv/tv_network/programs./tv/tv_network_duration/program_v
1.0	/organization/organization_member/member_of./organization/organization_membership/organization	/people/person/sibling_s./people/sibling_relationship/sibling_v	/people/person/sibling_s./people/sibling_relationship/sibling_v
1.0	/organization/organization_member/member_of./organization/organization_membership/organization	/organization/organization_founder/organizations_founded	/organization/organization_member/member_of./organization/organization_membership/organization
1.0	/organization/role/leaders./organization/leadership/organization	/organization/role/leaders./organization/leadership/organization	/organization/role/leaders./organization/leadership/organization
1.0	/organization/role/leaders./organization/leadership/organization	/location/location/contains	/organization/organization/headquarters./location/mailing_address/country_v
1.0	/people/cause_of_death/people	/people/cause_of_death/people	/people/cause_of_death/people
1.0	/people/cause_of_death/people	/people/person/gender_v
1.0	/people/deceased_person/place_of_burial	/film/film/produced_by_v	/film/film/produced_by_v
1.0	/people/deceased_person/place_of_burial	/film/film/produced_by_v	/people/deceased_person/place_of_burial
1.0	/people/deceased_person/place_of_burial	/people/deceased_person/place_of_burial	/people/deceased_person/place_of_burial
1.0	/people/deceased_person/place_of_death	/influence/influence_node/peers./influence/peer_relationship/peers
1.0	/people/deceased_person/place_of_death	/organization/organization/headquarters./location/mailing_address/citytown	/people/deceased_person/place_of_death
1.0	/people/ethnicity/geographic_distribution	/people/ethnicity/people	/people/ethnicity/geographic_distribution
1.0	/people/ethnicity/geographic_distribution	/location/location/adjoin_s./location/adjoining_relationship/adjoins	/base/popstra/location/vacationers./base/popstra/vacation_choice/vacationer_v
1.0	/people/ethnicity/languages_spoken	/people/ethnicity/languages_spoken	/people/ethnicity/geographic_distribution
1.0	/people/ethnicity/languages_spoken	/location/country/official_language	/base/schemastaging/organization_extra/phone_number./base/schemastaging/phone_sandbox/service_language
1.0	/people/ethnicity/people	/people/ethnicity/people	/people/person/religion_v
1.0	/people/ethnicity/people	/film/film/written_by
1.0	/people/marriage_union_type/unions_of_this_type./people/marriage/location_of_ceremony	/people/marriage_union_type/unions_of_this_type./people/marriage/location_of_ceremony	/people/marriage_union_type/unions_of_this_type./people/marriage/location_of_ceremony
1.0	/people/marriage_union_type/unions_of_this_type./people/marriage/location_of_ceremony	/base/biblioness/bibs_location/country_v
1.0	/people/person/employment_history./business/employment_tenure/company	/user/alexander/philosophy/philosopher/interests	/user/alexander/philosophy/philosopher/interests
1.0	/people/person/employment_history./business/employment_tenure/company	/tv/tv_network/programs./tv/tv_network_duration/program_v	/tv/tv_network/programs./tv/tv_network_duration/program_v
1.0	/people/person/gender	/people/person/sibling_s./people/sibling_relationship/sibling
1.0	/people/person/gender	/people/person/gender	/people/person/gender
1.0	/people/person/languages	/film/film/prequel_v
1.0	/people/person/languages	/location/country/official_language	/people/person/languages
1.0	/people/person/languages	/location/country/official_language	/location/country/official_language
1.0	/people/person/nationality	/sports/pro_athlete/teams./sports/sports_team_roster/team	/sports/pro_athlete/teams./sports/sports_team_roster/team
1.0	/people/person/nationality	/people/ethnicity/geographic_distribution	/location/country/second_level_divisions_v
1.0	/people/person/place_of_birth	/people/person/sibling_s./people/sibling_relationship/sibling
1.0	/people/person/place_of_birth	/people/person/place_of_birth	/location/country/capital
1.0	/people/person/places_lived./people/place_lived/location	/people/person/sibling_s./people/sibling_relationship/sibling
1.0	/people/person/places_lived./people/place_lived/location	/base/biblioness/bibs_location/state
1.0	/people/person/profession	/people/profession/specialization_of
1.0	/people/person/profession	/people/profession/specialization_of_v	/people/person/profession
1.0	/people/person/religion	/people/person/spouse_s./people/marriage/spouse
1.0	/people/person/religion	/people/person/religion	/people/person/religion
1.0	/people/person/sibling_s./people/sibling_relationship/sibling	/film/director/film	/film/director/film
1.0	/people/person/sibling_s./people/sibling_relationship/sibling	/tv/tv_program/regular_cast./tv/regular_tv_appearance/actor
1.0	/people/person/spouse_s./people/marriage/location_of_ceremony	/people/person/spouse_s./people/marriage/spouse_v	/people/person/spouse_s./people/marriage/spouse
1.0	/people/person/spouse_s./people/marriage/location_of_ceremony	/people/person/spouse_s./people/marriage/spouse	/people/person/spouse_s./people/marriage/spouse
1.0	/people/person/spouse_s./people/marriage/location_of_ceremony	/people/person/spouse_s./people/marriage/location_of_ceremony	/people/person/spouse_s./people/marriage/location_of_ceremony
1.0	/people/person/spouse_s./people/marriage/spouse	/film/film/story_by_v	/film/film/story_by_v
1.0	/people/person/spouse_s./people/marriage/spouse	/influence/influence_node/peers./influence/peer_relationship/peers_v
1.0	/people/person/spouse_s./people/marriage/type_of_union	/people/person/nationality
1.0	/people/person/spouse_s./people/marriage/type_of_union	/people/marriage_union_type/unions_of_this_type./people/marriage/location_of_ceremony_v	/people/marriage_union_type/unions_of_this_type./people/marriage/location_of_ceremony_v
1.0	/people/person/spouse_s./people/marriage/type_of_union	/people/person/spouse_s./people/marriage/type_of_union	/people/marriage_union_type/unions_of_this_type./people/marriage/location_of_ceremony_v
1.0	/people/profession/specialization_of	/people/person/profession_v	/people/person/profession_v
1.0	/people/profession/specialization_of	/people/person/profession	/people/person/profession
1.0	/soccer/football_player/current_team./sports/sports_team_roster/team	/sports/sport/pro_athletes./sports/pro_sports_played/athlete_v	/sports/sport/pro_athletes./sports/pro_sports_played/athlete_v
1.0	/soccer/football_player/current_team./sports/sports_team_roster/team	/sports/sports_team/sport_v	/sports/sports_team/sport_v
1.0	/soccer/football_team/current_roster./soccer/football_roster_position/position	/film/film/written_by	/sports/sports_position/players./sports/sports_team_roster/position
1.0	/soccer/football_team/current_roster./soccer/football_roster_position/position	/sports/sports_position/players./sports/sports_team_roster/position_v	/sports/sports_position/players./sports/sports_team_roster/position_v
1.0	/soccer/football_team/current_roster./sports/sports_team_roster/position	/film/film/prequel
1.0	/soccer/football_team/current_roster./sports/sports_team_roster/position	/sports/sports_position/players./sports/sports_team_roster/position_v	/sports/sports_position/players./sports/sports_team_roster/position_v
1.0	/sports/pro_athlete/teams./sports/sports_team_roster/team	/people/person/sibling_s./people/sibling_relationship/sibling_v	/sports/sport/pro_athletes./sports/pro_sports_played/athlete_v
1.0	/sports/pro_athlete/teams./sports/sports_team_roster/team	/sports/sports_team_location/teams	/sports/sports_team_location/teams
1.0	/sports/pro_athlete/teams./sports/sports_team_roster/team	/base/biblioness/bibs_location/state	/sports/sports_team_location/teams
1.0	/sports/professional_sports_team/draft_picks./sports/sports_league_draft_pick/draft	/sports/professional_sports_team/draft_picks./sports/sports_league_draft_pick/school	/sports/professional_sports_team/draft_picks./sports/sports_league_draft_pick/school
1.0	/sports/professional_sports_team/draft_picks./sports/sports_league_draft_pick/draft	/sports/sports_league_draft/picks./sports/sports_league_draft_pick/school_v	/sports/sports_league_draft/picks./sports/sports_league_draft_pick/school_v
1.0	/sports/professional_sports_team/draft_picks./sports/sports_league_draft_pick/school	/sports/professional_sports_team/draft_picks./sports/sports_league_draft_pick/draft
1.0	/sports/professional_sports_team/draft_picks./sports/sports_league_draft_pick/school	/sports/sports_league_draft/picks./sports/sports_league_draft_pick/school
1.0	/sports/sport/pro_athletes./sports/pro_sports_played/athlete	/sports/sports_team/sport_v	/sports/sports_team/sport_v
1.0	/sports/sport/pro_athletes./sports/pro_sports_played/athlete	/sports/pro_athlete/teams./sports/sports_team_roster/team_v	/sports/pro_athlete/teams./sports/sports_team_roster/team_v
1.0	/sports/sports_league/teams./sports/sports_league_participation/team	/base/schemastaging/organization_extra/phone_number./base/schemastaging/phone_sandbox/service_language	/base/schemastaging/organization_extra/phone_number./base/schemastaging/phone_sandbox/service_language
1.0	/sports/sports_league/teams./sports/sports_league_participation/team	/base/schemastaging/organization_extra/phone_number./base/schemastaging/phone_sandbox/service_language_v	/base/schemastaging/organization_extra/phone_number./base/schemastaging/phone_sandbox/service_language_v
1.0	/sports/sports_league_draft/picks./sports/sports_league_draft_pick/school	/sports/professional_sports_team/draft_picks./sports/sports_league_draft_pick/draft_v	/sports/professional_sports_team/draft_picks./sports/sports_league_draft_pick/draft_v
1.0	/sports/sports_league_draft/picks./sports/sports_league_draft_pick/school	/sports/professional_sports_team/draft_picks./sports/sports_league_draft_pick/school	/sports/professional_sports_team/draft_picks./sports/sports_league_draft_pick/school
1.0	/sports/sports_position/players./american_football/football_historical_roster_position/position_s	/sports/sports_team/colors	/sports/sports_position/players./sports/sports_team_roster/position
1.0	/sports/sports_position/players./american_football/football_historical_roster_position/position_s	/people/person/sibling_s./people/sibling_relationship/sibling
1.0	/sports/sports_position/players./sports/sports_team_roster/position	/soccer/football_team/current_roster./soccer/football_roster_position/position_v
1.0	/sports/sports_position/players./sports/sports_team_roster/position	/sports/sports_position/players./sports/sports_team_roster/position_v	/sports/sports_position/players./sports/sports_team_roster/position_v
1.0	/sports/sports_position/players./sports/sports_team_roster/team	/sports/sports_position/players./sports/sports_team_roster/position	/sports/sports_position/players./sports/sports_team_roster/position
1.0	/sports/sports_position/players./sports/sports_team_roster/team	/ice_hockey/hockey_team/current_roster./sports/sports_team_roster/position_v	/sports/sports_team/roster./basketball/basketball_roster_position/position_v
1.0	/sports/sports_team/colors	/film/film/prequel
1.0	/sports/sports_team/colors	/education/educational_institution/colors	/education/educational_institution/colors
1.0	/sports/sports_team/roster./american_football/football_historical_roster_position/position_s	/sports/sports_position/players./sports/sports_team_roster/team_v	/base/eating/practicer_of_diet/diet_v
1.0	/sports/sports_team/roster./american_football/football_historical_roster_position/position_s	/sports/sports_position/players./sports/sports_team_roster/position_v	/sports/sports_position/players./sports/sports_team_roster/position_v
1.0	/sports/sports_team/roster./american_football/football_roster_position/position	/american_football/football_team/current_roster./sports/sports_team_roster/position	/american_football/football_team/current_roster./sports/sports_team_roster/position
1.0	/sports/sports_team/roster./american_football/football_roster_position/position	/sports/sports_position/players./sports/sports_team_roster/position	/sports/sports_position/players./sports/sports_team_roster/position
1.0	/sports/sports_team/roster./baseball/baseball_roster_position/position	/music/group_member/membership./music/group_membership/group_v
1.0	/sports/sports_team/roster./baseball/baseball_roster_position/position	/sports/sports_position/players./sports/sports_team_roster/position	/sports/sports_position/players./sports/sports_team_roster/position
1.0	/sports/sports_team/roster./basketball/basketball_roster_position/position	/sports/sports_position/players./sports/sports_team_roster/team_v	/film/actor/film./film/performance/special_performance_type_v
1.0	/sports/sports_team/roster./basketball/basketball_roster_position/position	/sports/sports_position/players./sports/sports_team_roster/position_v	/sports/sports_position/players./sports/sports_team_roster/position_v
1.0	/sports/sports_team/sport	/sports/sports_team_location/teams_v	/base/x2010fifaworldcupsouthafrica/world_cup_squad/current_world_cup_squad./base/x2010fifaworldcupsouthafrica/current_world_cup_squad/current_club
1.0	/sports/sports_team/sport	/sports/sports_team/sport	/sports/sport/pro_athletes./sports/pro_sports_played/athlete_v
1.0	/sports/sports_team_location/teams	/people/person/place_of_birth_v
1.0	/sports/sports_team_location/teams	/soccer/football_player/current_team./sports/sports_team_roster/team	/soccer/football_player/current_team./sports/sports_team_roster/team
1.0	/time/event/instance_of_recurring_event	/film/film/film_festivals_v	/award/award_category/winners./award/award_honor/ceremony_v
1.0	/time/event/instance_of_recurring_event	/award/award_category/category_of	/award/award_category/category_of
1.0	/time/event/locations	/base/marchmadness/ncaa_basketball_tournament/seeds./base/marchmadness/ncaa_tournament_seed/team	/base/marchmadness/ncaa_basketball_tournament/seeds./base/marchmadness/ncaa_tournament_seed/team
1.0	/time/event/locations	/sports/sports_team_location/teams_v	/sports/sports_team_location/teams_v
1.0	/travel/travel_destination/climate./travel/travel_destination_monthly_climate/month	/travel/travel_destination/climate./travel/travel_destination_monthly_climate/month	/travel/travel_destination/climate./travel/travel_destination_monthly_climate/month
1.0	/travel/travel_destination/climate./travel/travel_destination_monthly_climate/month	/base/localfood/seasonal_month/produce_available./base/localfood/produce_availability/seasonal_months_v	/base/localfood/seasonal_month/produce_available./base/localfood/produce_availability/seasonal_months_v
1.0	/travel/travel_destination/how_to_get_here./travel/transportation/mode_of_transportation	/location/location/adjoin_s./location/adjoining_relationship/adjoins	/location/location/adjoin_s./location/adjoining_relationship/adjoins
1.0	/travel/travel_destination/how_to_get_here./travel/transportation/mode_of_transportation	/travel/travel_destination/how_to_get_here./travel/transportation/mode_of_transportation	/travel/travel_destination/how_to_get_here./travel/transportation/mode_of_transportation
1.0	/tv/non_character_role/tv_regular_personal_appearances./tv/tv_regular_personal_appearance/person	/tv/non_character_role/tv_regular_personal_appearances./tv/tv_regular_personal_appearance/person	/tv/non_character_role/tv_regular_personal_appearances./tv/tv_regular_personal_appearance/person
1.0	/tv/non_character_role/tv_regular_personal_appearances./tv/tv_regular_personal_appearance/person	/influence/influence_node/peers./influence/peer_relationship/peers_v
1.0	/tv/tv_network/programs./tv/tv_network_duration/program	/organization/organization/headquarters./location/mailing_address/citytown	/organization/organization/headquarters./location/mailing_address/citytown
1.0	/tv/tv_network/programs./tv/tv_network_duration/program	/tv/tv_program/country_of_origin_v	/tv/tv_program/country_of_origin_v
1.0	/tv/tv_personality/tv_regular_appearances./tv/tv_regular_personal_appearance/program	/award/award_winner/awards_won./award/award_honor/award_winner
1.0	/tv/tv_personality/tv_regular_appearances./tv/tv_regular_personal_appearance/program	/tv/tv_program/country_of_origin_v	/tv/tv_personality/tv_regular_appearances./tv/tv_regular_personal_appearance/program
1.0	/tv/tv_producer/programs_produced./tv/tv_producer_term/producer_type	/tv/tv_producer/programs_produced./tv/tv_producer_term/program
1.0	/tv/tv_producer/programs_produced./tv/tv_producer_term/producer_type	/tv/tv_program/tv_producer./tv/tv_producer_term/producer_type	/tv/tv_producer/programs_produced./tv/tv_producer_term/producer_type
1.0	/tv/tv_producer/programs_produced./tv/tv_producer_term/program	/film/film/written_by_v	/organization/organization_founder/organizations_founded_v
1.0	/tv/tv_producer/programs_produced./tv/tv_producer_term/program	/tv/tv_producer/programs_produced./tv/tv_producer_term/program	/tv/tv_producer/programs_produced./tv/tv_producer_term/program
1.0	/tv/tv_program/country_of_origin	/tv/tv_network/programs./tv/tv_network_duration/program_v	/location/country/official_language_v
1.0	/tv/tv_program/country_of_origin	/base/biblioness/bibs_location/state	/organization/organization/headquarters./location/mailing_address/country
1.0	/tv/tv_program/genre	/award/award_winning_work/awards_won./award/award_honor/honored_for_v
1.0	/tv/tv_program/genre	/tv/tv_program/genre	/tv/tv_program/genre
1.0	/tv/tv_program/languages	/tv/tv_program/regular_cast./tv/regular_tv_appearance/actor	/tv/tv_program/country_of_origin
1.0	/tv/tv_program/languages	/location/country/official_language	/location/country/official_language
1.0	/tv/tv_program/program_creator	/tv/tv_producer/programs_produced./tv/tv_producer_term/program_v	/tv/tv_producer/programs_produced./tv/tv_producer_term/program_v
1.0	/tv/tv_program/program_creator	/tv/tv_producer/programs_produced./tv/tv_producer_term/program_v	/tv/tv_producer/programs_produced./tv/tv_producer_term/program_v
1.0	/tv/tv_program/regular_cast./tv/regular_tv_appearance/actor	/tv/tv_program/regular_cast./tv/regular_tv_appearance/actor	/tv/tv_program/country_of_origin
1.0	/tv/tv_program/regular_cast./tv/regular_tv_appearance/actor	/celebrities/celebrity/celebrity_friends./celebrities/friendship/friend
1.0	/tv/tv_program/tv_producer./tv/tv_producer_term/producer_type	/tv/tv_producer/programs_produced./tv/tv_producer_term/program_v	/tv/tv_producer/programs_produced./tv/tv_producer_term/program_v
1.0	/tv/tv_program/tv_producer./tv/tv_producer_term/producer_type	/tv/tv_producer/programs_produced./tv/tv_producer_term/producer_type	/tv/tv_producer/programs_produced./tv/tv_producer_term/producer_type
1.0	/tv/tv_writer/tv_programs./tv/tv_program_writer_relationship/tv_program	/influence/influence_node/peers./influence/peer_relationship/peers	/influence/influence_node/peers./influence/peer_relationship/peers
1.0	/tv/tv_writer/tv_programs./tv/tv_program_writer_relationship/tv_program	/tv/tv_writer/tv_programs./tv/tv_program_writer_relationship/tv_program	/tv/tv_writer/tv_programs./tv/tv_program_writer_relationship/tv_program
1.0	/user/alexander/philosophy/philosopher/interests	/people/person/employment_history./business/employment_tenure/company
1.0	/user/alexander/philosophy/philosopher/interests	/user/alexander/philosophy/philosopher/interests	/user/alexander/philosophy/philosopher/interests
1.0	/user/jg/default_domain/olympic_games/sports	/olympics/olympic_participating_country/medals_won./olympics/olympic_medal_honor/olympics_v	/olympics/olympic_participating_country/medals_won./olympics/olympic_medal_honor/olympics_v
1.0	/user/jg/default_domain/olympic_games/sports	/olympics/olympic_sport/athletes./olympics/olympic_athlete_affiliation/country_v	/olympics/olympic_sport/athletes./olympics/olympic_athlete_affiliation/country_v
1.0	/user/ktrueman/default_domain/international_organization/member_states	/user/ktrueman/default_domain/international_organization/member_states	/user/ktrueman/default_domain/international_organization/member_states
1.0	/user/ktrueman/default_domain/international_organization/member_states	/location/location/adjoin_s./location/adjoining_relationship/adjoins
1.0	/user/tsegaran/random/taxonomy_subject/entry./user/tsegaran/random/taxonomy_entry/taxonomy	/sports/sports_team_location/teams
1.0	/user/tsegaran/random/taxonomy_subject/entry./user/tsegaran/random/taxonomy_entry/taxonomy	/user/tsegaran/random/taxonomy_subject/entry./user/tsegaran/random/taxonomy_entry/taxonomy	/user/tsegaran/random/taxonomy_subject/entry./user/tsegaran/random/taxonomy_entry/taxonomy
